feature,importance
age,0.3826687060540218
gender,0.11089929922629496
hosp_ward_ER,-0.11086876489954982
adi_score,0.0825581101739788
hosp_ward_IP,0.07583615673391607
prior_antibiotic,-0.05065483140732762
adi_state_rank,0.03959556632707614
hosp_ward_ICU,0.03821082252623176
hosp_ward_OP,-0.03427985769472317
prior_organism,-0.011277748254520614
nursing_home_visit_culture,0.009311929757820228
