feature,importance
hosp_ward_IP,0.5921939488023701
hosp_ward_OP,0.4540018292265888
age,0.183307172873373
hosp_ward_ER,-0.10191239861066159
gender,0.08749195020470259
hosp_ward_ICU,0.08351472330048514
prior_organism,0.06216225156218039
adi_state_rank,0.056101745138253646
adi_score,0.03893575535001413
prior_antibiotic,0.0121032256131877
nursing_home_visit_culture,-0.008106020426762756
