feature,importance
nursing_home_visit_culture,0.43776878720300294
hosp_ward_IP,0.2691808102249045
hosp_ward_OP,0.18806911639574533
age,0.1473821126455074
prior_antibiotic,0.1359587949382923
prior_organism,0.11404772803387113
hosp_ward_ER,0.059127500167335575
gender,0.05498978284335925
adi_state_rank,0.05164872631971231
adi_score,0.04926366685208194
hosp_ward_ICU,0.023744373413285683
