feature,importance
hosp_ward_IP,0.1555050843626707
age,0.1475322528618673
hosp_ward_ER,0.0760760133011501
adi_state_rank,0.07059751709249525
hosp_ward_ICU,0.04932427943263805
gender,0.048363545637816675
hosp_ward_OP,0.04771866130227581
prior_organism,0.04292293638272201
adi_score,0.04268138579372664
prior_antibiotic,0.016167198134139773
nursing_home_visit_culture,0.006086670409140158
