feature,importance
hosp_ward_IP,0.13320426659712994
hosp_ward_OP,0.04361041619334796
adi_score,0.039810946390068394
hosp_ward_ER,0.03961003624249872
gender,0.02515421839513422
prior_antibiotic,0.022966915573803363
nursing_home_visit_culture,0.022417937677847184
age,0.01330325981307694
adi_state_rank,0.010286469813932707
prior_organism,0.008006900535418823
hosp_ward_ICU,0.0007071995055066581
