feature,importance
age,0.18514682928328252
gender,0.05245471500428702
hosp_ward_ER,0.05139315856022155
adi_score,0.037070372806827546
hosp_ward_IP,0.035932339109584426
prior_antibiotic,0.02366782915190386
adi_state_rank,0.02069752513158901
hosp_ward_ICU,0.017731618692706775
hosp_ward_OP,0.015463769506147832
prior_organism,0.00506765361785819
nursing_home_visit_culture,0.0036951306162211466
