feature,importance
hosp_ward_IP,0.18080882079999977
hosp_ward_OP,0.1800406597245669
adi_score,0.14702740163924347
adi_state_rank,0.11570212046360476
age,0.09525212140538515
hosp_ward_ICU,0.0313409951195267
gender,0.030130866846108342
hosp_ward_ER,0.014861324927814055
nursing_home_visit_culture,0.013212190967507814
prior_organism,0.004313387457170973
prior_antibiotic,0.0036782241514785436
