feature,importance
age,0.18466761909487533
hosp_ward_ER,0.05921536069416131
hosp_ward_IP,0.047226895497868675
hosp_ward_OP,0.03635651609522777
gender,0.033956429903152015
adi_state_rank,0.03384229408893349
hosp_ward_ICU,0.018097084233858862
adi_score,0.014954547025714986
prior_organism,0.014531032742906924
prior_antibiotic,0.0067481722857504894
nursing_home_visit_culture,0.005692118346359417
