feature,importance
prior_organism,0.370440665662467
hosp_ward_IP,0.30526304697513906
hosp_ward_OP,0.14454976825476068
adi_state_rank,0.10937491000897404
prior_antibiotic,0.09333182300585363
gender,0.07224769868874256
age,0.0683844816106338
hosp_ward_ICU,0.0570207647919157
nursing_home_visit_culture,0.02708292800223237
adi_score,0.0034788755586460107
hosp_ward_ER,0.0022774518097627605
