feature,importance
adi_score,0.09145736694540864
adi_state_rank,0.06526455860120892
hosp_ward_IP,0.05812364178294137
hosp_ward_OP,0.02916831458390379
gender,0.01643182440086388
prior_antibiotic,0.011836650528136304
age,0.009127251658464949
hosp_ward_ER,0.006946354313221888
nursing_home_visit_culture,0.005516321498310131
hosp_ward_ICU,0.0022216242899574853
prior_organism,0.0009558626316725445
