feature,importance
hosp_ward_IP,0.26644859216805766
hosp_ward_OP,0.19896546518392977
age,0.08963537534573274
hosp_ward_ER,0.04891165017725729
gender,0.042549220896481686
hosp_ward_ICU,0.03865015003474061
prior_organism,0.029983555927349997
adi_state_rank,0.027105585938273558
adi_score,0.018856360428198257
prior_antibiotic,0.006160802989605938
nursing_home_visit_culture,0.0037954385175891997
