Antibiotic,accuracy,precision,recall,roc_auc,fnr,f1_macro,f1_weighted
Gentamicin,0.5698841698841699,0.08969842095784022,0.5090702947845804,0.5495331453417662,0.4909297052154195,0.43197434679108077,0.668926135836248
Trimethoprim_Sulfamethoxazole,0.5556756756756757,0.2359231130160504,0.41824324324324325,0.5038095527960393,0.5817567567567569,0.4874328353825622,0.5885445238745306
Ciprofloxacin,0.5905791505791507,0.21497147112589646,0.6018364418938307,0.6259749422854644,0.39816355810616927,0.5121553265512945,0.645902766054378
Ampicillin,0.5403861003861004,0.4304253233538269,0.4693098735651927,0.5365809988840919,0.5306901264348073,0.5265964396271595,0.5423663200016875
Cefazolin,0.5791505791505791,0.11597936658914727,0.5238450074515648,0.580676426645706,0.4761549925484352,0.4527972057099112,0.66624020913935
Nitrofurantoin,0.6217760617760617,0.020382607161449594,0.5823529411764706,0.632768207815845,0.4176470588235294,0.4019134887635193,0.7548121883490607
Piperacillin_Tazobactam,0.6061776061776062,0.020082742427675507,0.5777777777777778,0.5882754720264509,0.42222222222222217,0.39546752228822213,0.7422072652164798
Levofloxacin,0.5894980694980694,0.21367042176372397,0.5984552845528455,0.6187181197957952,0.4015447154471545,0.5108714577092544,0.6450686670544143
Ceftriaxone,0.59011583011583,0.08764742280542895,0.5562790697674418,0.6074750842641291,0.4437209302325581,0.44058593661756584,0.6917023604170637
