feature,importance
prior_organism,-1.1948964115993848
hosp_ward_IP,0.7144242731989215
hosp_ward_OP,0.377976799244943
adi_state_rank,0.22609389023827559
prior_antibiotic,0.19903388221167045
gender,0.15192397424984694
age,0.14665148603128905
hosp_ward_ICU,-0.1200802283774571
nursing_home_visit_culture,-0.06412454022930456
hosp_ward_ER,0.00453944049401197
adi_score,-0.0011030482667694179
