feature,importance
adi_score,0.18711756963304463
adi_state_rank,-0.133697061817718
hosp_ward_IP,0.11674716243223242
hosp_ward_OP,0.05883168006813251
gender,0.03273052347498962
prior_antibiotic,-0.023621303676765147
age,-0.018173205625134373
hosp_ward_ER,-0.013985649196235617
nursing_home_visit_culture,-0.011082161556872184
hosp_ward_ICU,0.0045329826079948555
prior_organism,0.0019092182675373322
