fold,best_params,precision,recall,f1,accuracy,FNR
1,"{'xgb__learning_rate': 0.5686100390512191, 'xgb__n_estimators': 161}",0.09090909090909091,0.32653061224489793,0.768363166905223,0.7019305019305019,0.6734693877551021
2,"{'xgb__learning_rate': 0.7579423061432639, 'xgb__n_estimators': 181}",0.10282776349614396,0.40816326530612246,0.7578683429656079,0.6857142857142857,0.5918367346938775
3,"{'xgb__learning_rate': 0.7579423061432639, 'xgb__n_estimators': 181}",0.06683168316831684,0.2727272727272727,0.7330649996563475,0.6532818532818533,0.7272727272727273
4,"{'xgb__learning_rate': 0.5686100390512191, 'xgb__n_estimators': 161}",0.05694760820045558,0.25252525252525254,0.7110207672524245,0.6231660231660232,0.7474747474747474
5,"{'xgb__learning_rate': 0.6996701670563736, 'xgb__n_estimators': 88}",0.06796116504854369,0.2828282828282828,0.7298057709016613,0.6486486486486487,0.7171717171717171
