fold,best_params,precision,recall,f1,accuracy,FNR
1,"{'xgb__learning_rate': 0.3828545147504294, 'xgb__n_estimators': 50}",0.019138755980861243,0.23529411764705882,0.8963312571685959,0.8316602316602316,0.7647058823529411
2,"{'xgb__learning_rate': 0.6996701670563736, 'xgb__n_estimators': 88}",0.006896551724137931,0.058823529411764705,0.9220018637920889,0.8764478764478765,0.9411764705882353
3,"{'xgb__learning_rate': 0.606656863679434, 'xgb__n_estimators': 184}",0.013793103448275862,0.11764705882352941,0.922976840494688,0.877992277992278,0.8823529411764706
4,"{'xgb__learning_rate': 0.7579423061432639, 'xgb__n_estimators': 181}",0.006369426751592357,0.058823529411764705,0.9167659911893755,0.8671814671814672,0.9411764705882353
5,"{'xgb__learning_rate': 0.088758926360587, 'xgb__n_estimators': 163}",0.006802721088435374,0.05555555555555555,0.9199866547495413,0.8741312741312741,0.9444444444444444
