fold,best_params,precision,recall,f1,accuracy,FNR
1,"{'xgb__learning_rate': 0.088758926360587, 'xgb__n_estimators': 163}",0.007751937984496124,0.05555555555555555,0.9277612296149224,0.888030888030888,0.9444444444444444
2,"{'xgb__learning_rate': 0.606656863679434, 'xgb__n_estimators': 184}",0.0234375,0.16666666666666666,0.9301846742826049,0.8918918918918919,0.8333333333333334
3,"{'xgb__learning_rate': 0.19582605480798962, 'xgb__n_estimators': 106}",0.018867924528301886,0.1111111111111111,0.9385633404941152,0.9073359073359073,0.8888888888888888
4,"{'xgb__learning_rate': 0.088758926360587, 'xgb__n_estimators': 163}",0.015873015873015872,0.1111111111111111,0.9300457448454177,0.8918918918918919,0.8888888888888888
5,"{'xgb__learning_rate': 0.088758926360587, 'xgb__n_estimators': 163}",0.014285714285714285,0.1111111111111111,0.9240100631110792,0.8810810810810811,0.8888888888888888
