feature,importance
age,0.3808532445345126
hosp_ward_ER,0.12609304235845417
hosp_ward_IP,0.10109256513792432
hosp_ward_OP,0.07546409646504462
adi_state_rank,0.07139509261464519
gender,0.071265346561972
hosp_ward_ICU,0.03940465769303799
prior_organism,0.03125069784406847
adi_score,0.03106903867903861
prior_antibiotic,0.01473284564743249
nursing_home_visit_culture,0.012160337725226063
