feature,importance
hosp_ward_IP,0.2651224068615217
hosp_ward_OP,0.08534984816898301
adi_score,0.08329947772896425
hosp_ward_ER,0.07910324551463646
nursing_home_visit_culture,0.05886094192509246
gender,0.050755345530473284
prior_antibiotic,0.04661721413719032
age,0.026162345985274192
adi_state_rank,0.023129076858026298
prior_organism,0.01602735839641011
hosp_ward_ICU,0.001231040247635339
