feature,importance
hosp_ward_IP,0.38520354779807237
hosp_ward_OP,0.3839522921475975
adi_score,0.3125850612545477
adi_state_rank,0.24531584619343388
age,0.1934710059220521
hosp_ward_ICU,0.06571670413762642
gender,0.06185306170065805
nursing_home_visit_culture,0.03769560987226157
hosp_ward_ER,0.030356186551196197
prior_organism,0.009124081392420562
prior_antibiotic,0.008065884405148504
