feature,importance
nursing_home_visit_culture,1.230113063249184
hosp_ward_IP,0.6779259880432579
hosp_ward_OP,0.49992745673220645
age,0.31795177066601177
prior_organism,0.3141305930010821
prior_antibiotic,0.29441169727791466
hosp_ward_ER,0.12897487171093133
adi_score,0.12796447213843926
gender,0.11563595314108961
adi_state_rank,0.09917894615494874
hosp_ward_ICU,0.05098017308815377
