feature,importance
hosp_ward_IP,0.33478822807831227
age,0.3043890149747513
hosp_ward_ER,0.1642293521621818
adi_state_rank,0.15411894002793255
hosp_ward_ICU,0.11497229403138044
hosp_ward_OP,0.10703844109574505
gender,0.1029748341823596
adi_score,0.09345149052413163
prior_organism,0.09192008030314823
prior_antibiotic,0.03271133138022439
nursing_home_visit_culture,0.014051780599011717
